,age,experience_years,education_level,technical_skill_score,communication_score,certifications_count,avg_daily_focus_hours,remote_work_ratio,sleep_hours,stress_level,project_complexity,team_size,manager_rating
29,21,23,4,45,69,4,4.48,0.2,8.28,4,3,8,3
535,43,20,3,57,69,8,6.85,0.51,5.68,4,5,7,4
695,37,16,1,70,73,0,9.2,0.06,8.37,1,3,12,3
557,41,8,4,95,67,4,8.18,0.07,4.72,1,2,6,3
836,33,7,3,61,56,6,9.03,0.42,4.18,6,3,14,1
596,36,9,2,50,59,6,4.57,0.91,8.85,7,4,7,5
165,25,5,3,47,83,4,3.9,0.77,6.65,4,2,2,5
918,43,1,3,83,66,5,3.83,0.09,8.09,3,4,7,5
495,32,6,2,54,55,6,6.64,0.14,7.23,1,2,14,1
824,48,5,5,84,59,9,4.94,0.55,6.19,6,5,10,5
65,46,20,2,76,73,2,5.13,0.06,7.71,2,2,11,2
141,30,14,4,43,57,1,6.75,0.1,4.08,2,1,5,1
925,37,18,3,77,67,7,4.49,0.05,7.33,9,3,3,3
827,37,13,1,61,42,8,7.63,0.52,4.06,3,1,8,2
655,49,18,3,49,86,7,7.05,0.13,5.68,5,2,5,2
331,45,5,2,95,92,3,5.79,0.92,4.08,10,2,11,4
664,46,1,4,93,62,4,5.33,0.39,6.42,2,3,11,5
249,40,17,1,52,72,7,7.79,0.69,7.5,9,3,13,1
907,39,12,5,80,57,3,5.2,0.77,5.3,9,4,3,5
708,37,5,3,84,91,0,5.19,0.66,8.55,8,5,9,4
305,46,2,5,73,56,5,9.96,0.92,9.0,3,4,12,4
734,25,17,1,75,67,9,4.92,0.63,7.26,5,5,8,1
975,46,1,5,68,44,1,8.74,0.75,8.07,3,5,9,2
49,45,7,2,57,56,8,8.43,0.55,8.0,3,2,9,2
896,40,1,3,51,47,9,4.57,0.05,5.37,8,2,3,5
2,49,5,4,70,69,5,3.64,0.58,4.0,2,3,2,3
544,37,4,1,81,98,9,3.79,0.5,5.26,6,4,6,5
350,40,3,5,60,96,9,8.83,0.8,6.1,10,3,14,1
904,49,5,3,56,94,7,5.38,0.68,4.62,6,3,8,2
536,28,18,2,56,71,7,9.74,0.78,6.93,4,3,7,3
344,29,11,2,43,64,9,5.36,0.08,4.02,3,3,7,5
994,35,17,1,74,63,7,6.3,0.91,4.38,3,3,3,2
481,44,0,3,73,82,2,4.0,0.82,4.3,1,1,4,3
575,42,13,5,82,68,4,3.41,0.72,8.74,10,3,11,2
33,49,20,3,75,74,7,3.93,0.5,6.15,8,3,10,2
31,46,1,5,48,77,2,8.74,0.11,7.16,5,4,13,4
231,28,12,5,69,99,8,8.96,0.27,7.64,4,5,12,4
963,21,16,5,42,96,2,7.34,0.96,6.16,8,4,9,1
192,33,18,2,76,86,6,6.25,0.78,5.49,1,2,9,3
333,48,14,1,86,98,2,7.57,0.29,5.81,8,5,8,3
3,35,1,5,59,46,3,5.2,0.85,6.97,9,4,10,3
204,30,3,5,99,43,6,4.28,0.42,5.43,2,2,10,1
514,30,2,1,67,57,3,7.76,0.6,7.98,1,2,14,4
799,39,16,4,98,56,7,9.97,0.22,5.49,2,5,14,4
306,23,6,1,80,51,3,3.65,1.0,4.01,1,3,12,2
109,38,13,1,40,85,6,6.39,0.11,7.83,1,1,12,4
430,23,18,2,48,88,7,8.61,0.26,5.57,9,3,7,4
77,23,24,5,90,92,6,8.47,0.38,4.4,2,1,7,5
84,22,15,2,89,52,1,3.43,0.96,6.71,8,5,5,4
286,22,0,5,48,86,8,3.61,0.01,4.8,10,4,11,3
82,28,23,5,80,69,1,6.96,0.81,8.07,10,5,5,1
991,36,21,4,96,55,8,8.32,0.05,7.52,4,1,14,2
789,42,23,1,65,64,9,3.5,0.21,6.62,5,4,13,1
894,21,4,3,84,96,2,6.0,0.87,6.76,5,5,5,5
398,43,3,5,61,89,2,5.55,0.35,4.71,10,5,9,1
323,43,3,1,74,86,3,9.83,0.54,8.44,5,3,2,4
519,48,10,2,42,90,3,3.33,0.32,4.12,1,2,2,1
916,33,23,4,87,50,8,3.3,0.2,6.68,3,3,9,4
922,21,0,4,94,72,5,3.97,0.71,4.9,7,5,13,5
5,28,17,1,64,40,5,8.47,0.36,7.09,2,3,13,2
731,35,18,1,98,61,7,9.48,0.67,5.0,5,5,8,3
465,46,15,1,89,77,8,4.73,0.96,4.74,6,2,9,5
97,34,22,4,97,49,9,3.61,0.74,5.29,8,1,5,1
266,25,13,4,73,83,2,6.88,0.4,6.53,8,5,14,1
357,31,5,5,53,52,1,5.59,0.36,6.08,7,2,13,4
868,30,2,4,56,92,4,7.7,0.45,4.88,6,1,4,2
798,48,0,5,45,75,7,7.08,0.98,6.0,1,4,4,3
380,21,4,2,53,73,6,6.19,0.84,5.7,4,3,13,1
631,44,3,4,57,44,8,4.93,0.44,6.69,10,3,13,5
381,24,7,4,75,73,4,5.9,0.65,8.5,10,2,13,5
490,21,1,2,51,70,0,4.36,0.34,8.74,2,2,3,3
118,33,24,2,49,98,1,5.43,0.08,7.22,3,1,10,3
900,49,7,5,50,94,8,8.66,0.01,8.31,3,4,12,2
250,32,13,1,73,75,9,9.32,0.01,4.56,10,5,6,2
523,41,4,3,63,56,7,7.71,0.27,5.04,10,2,6,1
9,46,18,2,63,40,2,7.61,0.21,8.16,6,5,7,1
196,24,10,4,48,82,8,7.57,0.11,4.92,10,3,12,3
603,21,24,5,58,78,1,5.31,0.4,4.33,9,1,14,5
81,38,14,1,96,80,4,5.55,0.61,5.08,4,5,8,3
783,26,19,1,63,96,9,3.99,0.95,7.23,7,2,10,4
587,34,3,3,98,73,4,8.12,0.78,7.25,8,1,6,3
797,26,4,2,89,90,0,9.84,0.92,6.65,9,5,14,4
239,44,8,2,50,70,0,7.3,0.06,7.64,1,4,10,5
290,36,24,2,61,52,7,5.24,0.51,6.86,9,5,3,4
211,32,14,2,42,58,5,8.89,0.39,7.42,4,1,14,5
717,37,14,2,73,99,3,5.27,0.01,6.37,7,5,7,3
359,28,7,4,51,75,0,8.53,0.72,4.94,7,1,3,2
449,45,8,1,41,80,2,4.32,0.26,6.07,2,4,14,1
227,29,22,4,87,53,2,3.89,0.85,8.57,6,5,4,1
950,41,6,5,87,62,4,4.3,0.71,7.35,7,1,10,2
946,25,9,3,43,59,6,3.83,0.34,8.68,4,1,2,5
796,24,19,2,90,64,7,3.93,0.01,6.59,9,3,2,2
501,22,23,3,61,98,7,8.44,0.71,8.17,2,2,13,5
464,22,12,2,85,45,5,3.1,0.87,4.05,1,2,10,5
362,28,13,3,48,48,1,5.42,0.29,6.78,5,3,4,5
468,21,17,4,44,53,5,5.91,0.1,6.24,1,2,5,5
935,21,20,4,89,58,7,9.67,0.61,7.85,1,5,3,5
428,41,10,3,56,82,5,5.76,0.55,4.97,8,1,13,4
7,41,17,3,60,64,2,6.11,0.2,5.09,2,3,7,1
155,44,1,5,80,68,2,8.38,0.33,6.26,8,3,5,3
541,48,1,5,47,82,6,7.32,0.0,6.46,3,3,7,2
440,48,16,4,98,80,9,9.12,0.73,7.41,9,4,13,5
482,33,7,4,63,83,0,8.2,0.01,8.58,9,4,11,5
422,37,5,2,53,79,3,5.15,0.79,8.24,8,1,4,1
778,46,12,2,84,56,9,9.54,0.07,4.36,1,2,8,3
949,23,20,4,74,54,9,4.54,0.81,4.53,7,1,6,4
334,37,3,1,78,86,4,4.08,0.37,6.03,10,1,13,3
576,49,8,2,93,42,9,7.43,0.36,6.43,9,4,6,3
934,33,24,5,90,80,2,9.15,0.06,8.66,4,3,8,2
567,28,9,2,99,94,7,4.27,0.01,7.0,1,3,5,1
594,25,17,1,85,88,0,4.39,0.82,5.8,1,1,11,5
530,26,6,3,62,94,3,7.06,0.05,7.68,7,5,7,2
581,36,6,3,88,75,7,7.0,0.01,8.73,4,3,2,3
707,29,15,1,74,95,6,4.45,0.98,5.95,10,1,14,1
448,38,19,2,47,91,3,3.89,0.39,4.63,5,4,6,1
453,23,21,5,80,72,6,8.85,0.94,4.53,10,1,6,3
228,23,9,2,82,74,5,8.6,0.69,6.47,10,3,4,5
352,42,4,3,96,55,5,9.77,0.75,7.33,3,5,7,3
728,40,20,2,87,59,8,7.2,0.94,7.31,7,3,5,3
212,32,0,4,84,58,5,6.38,0.62,4.92,5,3,10,1
79,37,24,3,60,40,0,4.74,0.53,7.45,1,3,12,5
148,28,11,1,60,89,0,3.82,0.71,5.6,1,3,10,3
302,47,18,2,60,42,0,4.8,0.63,4.46,5,3,5,1
628,48,0,2,86,50,6,3.88,0.3,7.15,4,1,9,3
777,47,12,3,88,48,5,9.53,0.78,5.53,2,2,14,2
506,46,14,4,59,76,5,5.31,0.93,4.7,10,4,9,4
342,43,14,3,62,71,2,7.9,0.34,6.52,10,5,11,2
485,27,2,1,47,87,0,5.7,0.24,7.03,10,2,7,5
711,36,17,3,92,44,3,3.05,0.7,8.51,3,4,3,4
133,39,3,3,74,88,6,7.54,0.74,5.48,4,3,10,3
703,33,16,2,93,96,1,7.42,0.4,4.89,6,4,3,3
311,29,14,2,50,82,5,6.44,0.24,8.78,6,3,4,1
722,39,22,1,83,49,5,3.18,0.49,4.98,5,5,4,3
629,47,18,5,59,80,6,4.78,0.9,7.74,3,5,7,1
0,27,18,4,99,79,6,5.22,0.41,8.34,1,5,2,3
316,28,3,1,56,65,9,6.66,0.34,5.31,2,4,6,2
706,23,21,4,75,92,4,4.03,0.91,6.41,4,1,9,5
547,48,9,4,68,89,1,6.06,0.99,7.09,5,5,9,4
872,32,23,3,79,55,6,8.66,0.57,4.32,9,5,11,2
532,40,6,4,45,52,9,9.92,0.71,5.35,4,1,9,5
477,46,17,1,48,68,8,6.8,0.09,5.28,5,4,6,1
404,39,22,3,42,80,7,7.75,0.77,8.82,1,4,12,4
172,43,22,1,78,58,4,4.37,0.07,6.77,9,1,8,2
125,27,6,1,51,53,4,8.62,0.12,8.67,5,4,3,4
394,32,13,4,53,44,4,7.34,0.33,6.54,1,2,9,3
420,24,24,4,86,92,0,9.41,0.51,5.81,4,4,4,5
552,46,11,5,53,48,1,7.81,0.42,7.54,10,5,8,2
903,23,17,2,44,55,4,8.88,0.41,5.66,9,3,9,1
90,49,2,1,61,64,9,4.36,0.43,5.89,8,5,14,3
939,21,6,1,53,41,7,7.91,0.5,6.59,8,1,10,1
181,48,5,4,90,97,4,9.75,0.04,8.89,9,2,10,4
274,26,24,1,77,60,0,8.69,1.0,4.08,1,1,5,5
895,41,10,3,86,76,6,3.43,0.17,6.99,9,5,11,3
69,48,8,1,44,62,8,3.25,0.62,8.5,3,2,6,3
291,36,16,1,42,76,1,6.34,0.4,5.66,10,5,4,1
131,44,19,4,98,80,3,3.85,0.7,8.08,5,4,13,3
300,40,18,4,65,74,3,3.84,0.1,4.45,8,4,6,5
424,32,6,5,77,86,2,7.75,0.95,6.42,6,2,13,2
326,27,9,5,55,67,9,3.34,0.59,8.66,10,3,12,3
144,29,14,2,61,77,5,9.93,0.48,8.51,5,4,8,3
423,37,1,1,95,43,4,4.37,0.49,8.44,5,2,3,1
580,46,24,1,76,49,5,8.11,0.75,5.31,3,4,8,1
135,28,2,4,88,96,7,8.53,0.27,8.82,3,1,13,3
450,30,16,2,80,50,6,6.22,0.35,7.81,4,3,6,2
164,23,20,3,42,73,8,4.95,0.26,5.79,4,4,10,3
28,41,19,4,52,43,9,4.64,0.6,4.14,5,1,11,5
773,28,2,3,77,49,4,5.16,0.34,5.8,3,3,13,3
193,35,24,4,60,62,0,9.6,0.75,7.36,2,5,7,2
388,28,7,2,98,65,9,3.78,0.01,7.88,6,4,9,2
852,38,4,5,60,97,3,7.98,0.43,4.71,9,4,4,4
169,21,3,3,91,54,8,4.78,0.75,8.03,4,3,11,3
705,45,4,5,57,62,4,5.57,0.34,7.08,1,2,9,2
140,25,3,1,65,65,5,7.59,0.82,4.51,10,1,10,4
173,34,8,4,91,88,3,7.56,0.89,6.94,9,3,11,4
6,49,1,3,75,75,3,5.79,0.09,4.41,4,4,4,5
745,45,23,4,76,89,5,4.24,0.87,8.65,2,5,8,2
478,23,5,5,43,47,5,5.62,0.67,8.0,8,1,11,5
73,32,16,1,76,66,7,3.07,0.11,8.22,1,3,2,3
910,45,16,4,51,47,6,9.41,0.34,4.94,2,1,8,4
813,48,14,3,43,78,9,6.32,0.91,4.12,3,2,3,2
238,32,16,3,51,75,9,8.86,0.16,7.01,7,3,14,3
145,48,7,4,54,56,5,3.21,0.06,7.48,9,2,8,3
792,27,24,1,93,76,7,4.63,0.22,5.31,8,1,3,2
234,25,19,4,93,52,2,8.49,0.42,4.55,10,3,9,4
220,21,2,1,67,78,3,8.64,0.4,4.62,7,4,7,4
923,38,5,2,97,44,5,6.08,0.91,4.5,6,1,12,1
500,22,2,4,68,95,2,9.42,0.08,5.33,9,3,7,3
132,31,24,4,49,51,5,3.78,0.93,5.3,7,3,6,3
990,37,0,2,69,74,7,6.68,0.54,6.43,3,5,10,5
774,30,9,3,40,71,2,6.34,0.33,8.04,8,3,5,4
185,37,3,2,49,72,2,9.61,0.32,4.85,9,2,8,4
41,48,14,2,60,73,6,6.02,0.09,6.06,9,3,13,5
696,27,14,5,64,68,8,4.06,0.59,6.51,7,4,13,5
108,33,22,5,73,67,8,8.09,0.18,4.63,4,4,5,2
588,48,12,3,78,90,5,7.91,0.23,7.77,6,1,4,4
56,27,2,5,87,99,5,5.38,0.99,4.52,10,1,10,5
405,42,18,3,81,56,7,7.15,0.08,7.59,8,5,9,5
442,40,21,2,69,89,8,4.59,0.06,5.19,1,3,5,5
757,49,6,5,74,93,7,7.18,0.99,6.49,5,4,6,3
997,34,11,1,47,61,2,6.62,0.44,4.02,1,2,8,4
24,32,23,3,93,48,0,8.8,0.08,8.67,1,1,3,1
467,28,18,3,60,57,6,4.15,0.88,6.23,10,1,11,3
539,33,3,2,65,69,6,4.19,0.79,5.94,7,5,14,3
531,33,9,2,77,47,4,3.16,0.95,7.99,4,3,7,4
618,44,20,4,47,89,9,4.7,0.12,5.43,7,5,11,3
694,38,22,5,88,75,4,5.62,0.1,8.56,6,3,13,5
926,31,15,4,50,53,0,3.81,0.02,8.04,9,5,2,1
338,32,23,1,99,76,5,9.26,0.87,4.88,10,1,4,4
51,25,7,3,95,73,5,6.96,0.43,7.18,3,4,12,1
507,49,4,5,96,64,1,7.12,0.66,6.21,1,4,5,4
516,35,13,5,61,45,7,3.41,0.51,8.8,8,2,8,5
920,21,12,2,71,56,4,6.34,0.42,8.12,7,3,7,4
781,49,6,2,69,49,9,7.94,0.67,7.96,9,2,14,3
264,42,8,3,64,45,0,3.1,0.48,4.87,10,5,11,3
817,28,24,2,88,98,7,6.28,0.26,8.26,4,3,10,4
710,40,24,4,48,84,2,5.79,0.75,7.85,9,2,2,4
682,49,11,3,56,66,0,4.47,0.35,7.74,9,2,12,3
832,41,24,5,88,86,1,3.01,0.57,6.96,8,3,10,4
518,31,13,4,84,83,0,8.1,0.84,6.61,6,3,13,3
447,23,16,1,67,59,8,3.82,0.71,4.47,6,4,2,3
18,44,9,5,67,40,0,6.83,0.57,6.29,8,5,7,4
715,47,8,2,99,96,4,8.78,0.67,5.06,1,4,10,2
483,48,22,3,71,72,6,4.71,0.9,7.08,1,3,6,4
568,33,23,5,72,47,7,9.7,0.51,4.31,8,1,3,3
433,25,24,2,91,77,3,9.97,0.95,7.54,6,3,5,4
367,23,17,1,57,62,0,3.43,1.0,5.94,3,4,2,1
83,24,10,2,72,92,7,3.04,0.3,5.09,6,1,7,5
61,34,4,5,83,95,8,3.54,0.04,8.29,4,4,12,4
638,49,16,5,76,84,8,7.28,0.82,7.65,3,2,9,5
272,32,13,2,48,40,7,9.29,0.7,6.47,1,4,12,5
285,40,5,4,83,83,1,5.83,0.32,5.85,6,5,13,1
360,24,22,2,56,86,9,5.23,0.44,4.05,4,2,11,1
354,21,10,3,92,82,7,9.51,0.51,5.11,2,5,9,3
456,44,6,2,55,66,2,4.4,0.61,8.03,7,1,7,1
278,31,17,3,99,52,2,4.58,0.85,6.25,7,2,4,5
12,31,24,5,69,52,1,4.66,0.85,8.67,10,2,12,2
182,33,1,4,50,62,8,3.95,0.05,7.87,8,5,11,5
368,45,24,1,90,64,5,6.5,0.43,4.19,8,1,13,4
881,28,8,1,47,98,6,6.74,0.27,5.32,1,1,2,2
615,39,11,1,67,57,8,5.23,0.45,8.21,7,1,12,5
223,47,17,1,47,74,9,3.17,0.56,7.67,2,2,7,5
572,49,17,5,92,76,0,7.73,0.42,8.91,2,5,3,2
970,28,5,5,94,45,9,6.72,0.95,8.96,5,2,12,5
653,34,14,1,68,99,5,8.41,0.91,8.85,3,2,12,3
545,44,19,2,40,59,2,5.32,0.01,6.45,5,2,4,1
582,39,8,3,80,48,7,6.04,0.64,7.63,3,3,10,5
633,38,20,4,43,40,0,3.85,0.5,7.14,5,3,5,3
176,29,18,2,98,95,9,7.22,0.72,8.59,3,3,10,5
665,30,20,3,48,81,3,6.9,0.82,5.47,1,1,3,5
673,41,7,4,92,80,3,4.46,0.44,6.97,5,4,2,4
585,45,10,4,60,94,1,5.48,0.64,7.98,3,2,9,2
873,44,14,1,61,45,2,5.25,0.1,6.99,10,1,14,3
393,36,0,2,63,94,0,3.27,0.46,8.02,9,2,12,4
163,21,21,1,95,66,6,6.01,0.81,5.81,10,1,2,4
248,46,11,4,69,61,6,3.3,0.86,7.19,10,3,11,1
634,23,10,5,69,56,0,7.12,0.76,6.36,4,1,9,3
885,48,2,2,76,59,6,3.85,0.32,4.25,6,5,3,4
669,29,16,4,42,91,9,9.2,0.57,6.77,5,2,9,5
375,23,3,2,66,79,9,3.0,0.06,4.95,3,1,9,3
412,48,8,4,53,65,7,7.3,0.29,4.09,3,1,14,1
74,49,13,1,63,93,6,9.01,0.6,4.7,3,4,9,3
113,46,17,2,41,54,4,4.46,0.19,6.68,6,3,11,4
598,46,8,3,85,92,8,8.79,0.05,5.34,3,2,12,3
961,29,16,1,58,49,6,8.8,0.62,6.01,10,3,7,1
390,23,21,4,88,65,3,5.08,0.38,7.03,9,2,13,2
104,45,18,2,73,71,9,5.32,0.31,8.52,7,1,10,1
114,45,5,2,61,61,8,5.07,0.56,8.3,4,4,5,3
417,49,8,4,96,58,9,4.41,0.79,6.83,2,2,5,4
525,32,20,2,66,82,6,3.39,0.23,4.95,9,4,8,5
457,38,0,3,68,73,4,4.85,0.94,8.13,10,1,7,5
409,22,14,3,59,46,5,6.91,0.41,7.36,10,2,4,2
92,46,14,3,72,70,5,5.87,0.02,5.37,3,5,2,1
930,42,8,3,54,98,0,8.62,0.79,8.68,6,3,12,2
89,42,16,4,46,96,6,6.59,0.51,6.84,6,3,14,5
336,21,23,1,48,80,6,6.81,0.12,5.9,2,1,5,1
988,47,9,5,74,73,5,9.53,0.74,6.39,9,4,7,3
921,42,12,4,45,45,0,8.17,0.51,6.82,2,5,14,1
933,37,12,2,96,87,5,6.53,0.48,8.0,6,4,9,5
605,43,11,2,47,65,5,5.89,0.57,5.19,1,3,8,5
593,40,5,4,50,46,6,7.59,0.86,7.15,2,3,11,1
611,22,24,2,72,68,9,9.38,0.55,6.62,4,5,6,4
94,22,23,1,63,94,3,4.55,0.33,8.91,6,2,11,2
11,43,19,2,81,76,4,9.6,0.23,6.43,8,4,12,3
396,39,20,3,77,71,5,4.5,0.45,5.92,7,4,9,1
533,35,0,2,61,81,0,3.29,0.01,8.44,7,4,9,2
43,35,22,2,89,58,8,4.39,0.69,6.55,9,4,6,2
42,36,24,4,43,84,0,5.13,0.49,4.5,4,4,8,5
329,46,0,2,74,66,6,6.66,0.24,6.6,3,3,7,2
167,34,22,2,72,75,3,7.22,0.51,7.98,2,5,2,2
497,43,0,1,58,74,5,4.41,0.18,7.66,4,4,4,2
876,28,3,3,97,87,9,8.48,0.95,8.86,8,5,2,4
597,46,3,5,52,59,9,3.48,0.85,4.56,5,2,13,2
756,43,11,1,67,86,2,9.91,0.28,4.45,4,4,2,1
100,28,1,2,78,47,6,3.35,0.49,4.25,2,3,14,5
426,49,1,2,75,67,4,9.91,0.93,5.58,10,3,7,2
178,35,4,4,82,90,6,3.43,0.86,7.02,1,2,12,3
444,41,20,5,43,88,2,5.46,0.12,5.93,6,5,12,4
416,48,20,5,94,84,3,6.52,0.57,4.82,9,3,5,5
870,28,5,2,99,44,5,6.74,0.22,8.58,3,4,14,4
882,46,23,4,67,82,4,9.01,0.0,5.44,2,3,9,3
680,45,4,4,79,85,5,9.32,0.22,7.28,6,5,13,4
177,35,7,5,89,51,9,6.58,0.84,8.54,4,3,7,1
395,47,4,3,65,95,5,7.89,0.05,4.31,4,3,11,1
911,22,17,4,45,99,5,8.03,0.06,4.74,7,3,4,5
793,45,9,1,82,77,0,7.87,0.62,8.38,10,1,6,4
960,34,13,5,47,57,6,6.53,0.17,6.54,2,3,6,3
684,24,5,4,51,97,0,5.5,0.09,6.26,3,1,10,1
383,34,16,5,47,52,6,3.95,0.18,7.35,8,4,4,5
956,30,11,4,56,95,1,7.9,0.64,6.57,6,1,6,5
751,27,4,4,58,90,5,9.61,0.53,6.04,6,4,11,5
257,44,2,4,94,63,6,6.49,0.16,7.78,5,3,3,3
538,36,18,4,45,86,3,6.43,0.64,7.65,6,1,12,3
335,22,12,1,45,69,2,9.84,0.66,8.05,8,1,9,1
15,41,23,3,46,44,5,6.5,0.81,6.28,9,2,2,4
324,30,21,1,72,56,7,6.32,0.65,7.46,8,2,13,2
758,31,14,5,82,75,0,3.57,0.97,5.32,7,2,10,4
222,45,5,2,94,80,8,4.16,0.87,6.92,4,3,2,5
179,46,3,5,58,76,0,5.01,0.32,6.64,1,5,10,4
983,32,3,5,55,51,7,4.69,0.35,6.14,1,5,3,1
22,22,3,2,55,79,1,9.19,0.44,6.34,1,4,6,2
356,40,7,1,91,75,7,5.15,0.47,6.5,1,3,3,3
666,46,8,4,96,59,8,7.95,0.97,5.29,6,2,3,1
861,42,16,2,74,58,9,3.57,0.23,9.0,7,3,14,1
340,25,7,5,47,46,0,9.35,0.67,4.35,4,5,13,5
431,48,21,5,72,86,1,6.29,0.47,4.42,1,1,11,4
551,25,22,3,79,83,3,5.27,0.81,8.37,5,4,14,5
833,26,6,5,52,84,3,5.63,0.51,8.43,8,1,4,1
203,22,21,3,81,56,0,9.98,0.4,6.45,2,4,13,5
630,40,20,2,57,80,3,7.49,0.63,5.05,1,5,7,5
93,32,14,1,56,56,2,4.14,0.36,6.0,2,5,6,1
558,21,1,1,88,67,3,7.29,0.48,9.0,10,5,2,4
68,40,4,1,57,47,8,4.94,0.46,7.17,4,5,5,4
622,36,16,3,62,84,5,3.9,0.55,8.62,1,4,11,1
284,25,18,2,83,92,2,9.84,0.81,5.4,7,5,4,1
844,31,10,5,71,57,4,9.13,0.12,4.06,4,2,11,1
434,44,6,5,64,63,6,3.07,0.82,5.8,10,1,7,1
153,43,5,4,53,83,2,7.47,0.72,4.22,3,2,4,2
75,28,12,4,88,68,0,8.12,0.48,6.6,6,5,5,1
730,46,8,1,97,90,7,6.82,0.45,6.11,8,1,14,4
446,21,6,4,43,44,9,3.17,0.47,6.11,8,4,6,5
188,24,21,1,99,64,8,3.01,0.18,7.45,7,3,2,1
271,41,18,4,68,93,8,8.77,0.21,7.33,10,4,4,3
236,39,4,3,71,76,9,7.24,0.17,8.19,2,4,6,5
487,24,9,5,62,52,5,9.67,0.34,6.63,1,5,5,1
117,48,14,2,41,52,4,8.14,0.85,4.42,2,4,12,4
943,26,24,1,90,43,5,7.58,0.03,8.26,8,1,14,1
512,37,7,1,46,77,7,8.58,0.72,6.2,6,4,3,2
825,45,6,3,71,91,0,3.32,0.68,5.09,10,3,12,3
591,37,4,4,78,64,7,5.45,0.44,7.75,2,3,8,2
126,29,21,1,63,73,1,4.73,0.14,5.03,7,5,6,5
116,48,18,2,96,43,7,6.83,0.21,7.04,9,3,6,2
473,27,17,1,83,69,4,8.77,0.06,8.24,8,5,14,5
693,24,24,2,60,79,6,5.7,0.21,7.31,1,5,8,3
57,38,17,3,46,41,1,8.63,0.79,7.51,6,4,8,2
863,36,2,1,86,96,5,8.17,0.89,4.57,2,2,3,3
912,30,7,1,56,72,7,4.99,0.73,4.49,4,5,8,1
369,49,0,3,72,95,8,3.74,0.11,8.59,10,2,14,1
268,21,20,2,44,67,9,3.64,0.63,5.01,8,5,4,2
46,32,10,1,46,55,0,5.94,0.83,5.1,10,3,8,2
349,23,3,2,54,91,5,9.83,0.13,5.77,6,5,6,3
195,49,14,2,94,60,2,7.63,0.85,5.39,10,3,11,3
999,31,2,4,88,82,9,4.4,0.29,4.53,1,5,2,3
834,46,19,4,73,94,6,7.0,0.51,8.44,9,5,2,5
736,32,17,2,72,77,6,3.68,0.72,7.84,8,3,6,4
263,48,10,4,43,67,0,9.24,0.84,7.36,7,1,8,2
443,49,17,3,80,65,3,6.97,0.07,8.89,6,4,11,1
675,33,24,4,68,58,1,7.47,0.79,6.02,5,1,14,3
304,39,5,2,91,77,1,5.98,0.63,5.0,4,2,14,3
341,47,4,1,94,71,6,9.98,0.02,5.77,4,5,10,2
966,33,23,3,52,68,2,8.38,0.66,7.01,4,4,10,3
149,32,18,5,54,47,9,4.18,0.9,7.82,6,3,6,4
124,45,16,3,61,70,1,5.36,0.79,7.11,1,5,4,3
786,36,11,2,50,87,3,7.28,0.43,8.15,9,1,11,5
50,23,3,4,71,94,9,3.91,0.3,8.23,8,1,10,4
353,44,19,5,92,55,7,7.4,0.31,5.08,9,1,12,2
927,41,7,4,72,44,0,8.85,0.14,6.54,2,1,12,2
142,27,21,2,85,71,8,3.57,0.79,7.08,7,5,2,5
470,31,13,1,59,85,7,6.35,0.13,8.6,9,4,11,2
399,42,21,3,87,50,4,3.69,0.71,4.51,6,1,10,5
625,43,1,1,86,62,8,3.22,0.16,4.15,5,5,2,1
320,45,4,3,69,94,1,8.4,0.64,5.58,7,5,13,4
19,23,18,5,53,75,5,4.92,0.58,4.91,3,5,9,5
809,23,15,1,76,40,2,3.85,0.93,5.79,4,1,14,3
790,40,11,4,66,98,2,5.45,0.79,8.37,7,3,4,4
808,27,24,2,99,45,1,3.23,0.91,7.6,6,3,9,1
407,47,14,5,48,65,6,4.2,0.02,7.49,1,3,6,1
537,40,15,4,51,75,4,3.8,0.52,4.51,6,2,11,1
620,33,9,5,66,97,1,5.23,0.05,5.4,4,4,2,1
38,47,15,3,97,52,0,9.98,0.5,6.4,4,5,6,5
175,47,2,5,64,87,0,8.54,0.29,7.63,9,5,13,5
245,40,2,5,94,50,1,5.28,0.91,4.97,6,3,8,4
828,45,23,4,43,56,4,8.22,0.47,4.77,5,2,2,4
667,22,8,1,78,54,8,7.64,0.45,4.13,3,3,8,4
754,25,22,5,99,87,0,8.48,1.0,7.01,1,5,10,4
858,21,8,4,40,63,4,8.25,0.01,8.41,1,2,9,4
154,43,19,5,66,96,3,9.9,0.18,5.45,9,5,7,3
287,26,22,2,60,92,2,3.46,0.38,8.43,9,1,11,2
602,24,4,1,83,88,7,7.9,0.46,5.38,1,1,13,4
569,41,13,4,65,87,7,9.23,0.14,7.61,6,3,6,2
743,43,16,4,46,62,6,5.14,0.75,8.09,5,2,3,2
17,28,22,1,94,48,8,4.75,0.11,8.65,8,5,13,1
127,44,11,1,86,57,1,9.83,0.29,7.68,3,5,7,2
322,38,0,4,66,55,8,8.83,0.74,7.41,9,2,9,5
255,25,1,5,70,73,0,9.47,0.75,7.7,3,1,13,3
657,38,19,5,90,46,7,5.52,0.64,8.9,9,5,4,4
964,39,7,2,98,47,0,6.34,0.19,5.93,2,2,9,2
190,43,23,2,80,94,4,4.0,0.46,5.45,6,5,11,5
115,48,2,2,87,69,1,9.38,0.58,5.07,2,1,6,1
616,46,12,5,97,43,7,5.91,0.3,4.18,9,1,12,5
606,46,22,3,47,53,8,4.37,0.0,5.94,7,5,3,1
180,30,23,4,44,56,0,3.65,0.85,6.79,1,3,9,4
301,48,6,2,72,64,8,7.01,0.43,5.28,6,2,8,2
759,31,23,1,86,78,4,7.53,0.44,7.62,8,3,8,5
712,45,24,5,77,70,8,6.66,0.31,6.23,2,4,13,5
723,32,20,5,54,79,0,8.52,0.87,4.43,8,2,7,5
685,30,1,5,74,54,7,9.38,0.68,4.85,1,2,10,2
979,42,3,2,93,80,5,7.33,0.27,5.57,8,4,8,5
517,42,23,1,51,43,9,7.84,0.69,7.3,9,2,12,3
984,21,16,4,51,46,3,5.98,0.44,7.66,6,5,9,5
45,39,15,3,66,77,2,9.21,0.62,6.03,6,2,7,1
909,35,12,2,97,55,0,8.91,0.99,8.99,2,3,8,5
157,23,12,3,97,50,3,6.13,0.02,6.27,4,3,14,4
851,45,5,3,83,53,0,8.21,0.17,6.21,9,5,5,1
171,46,23,5,45,52,6,6.45,0.14,4.28,5,1,11,5
16,24,14,5,74,99,9,6.04,0.34,4.75,3,2,6,1
511,42,14,1,94,94,7,9.89,0.58,8.59,8,2,9,1
48,40,15,4,54,79,3,9.42,0.92,8.98,10,1,11,2
971,22,18,1,55,97,7,8.22,0.63,7.15,1,1,8,4
940,41,4,1,66,69,2,4.36,0.13,4.62,2,2,14,1
515,26,23,4,43,65,7,4.16,0.55,6.92,8,5,8,5
952,25,3,1,47,62,3,4.47,0.91,6.93,5,3,7,1
480,45,3,5,56,84,5,3.09,0.85,6.52,9,4,6,1
283,44,13,4,86,49,2,8.81,0.84,6.3,7,4,3,3
718,24,9,4,71,93,0,8.36,0.14,5.29,1,1,8,1
877,46,13,3,58,74,8,9.21,0.24,6.72,3,3,7,2
225,40,9,1,71,87,6,6.83,0.28,4.17,8,4,4,1
26,22,9,3,81,85,9,7.88,0.73,4.63,9,2,9,2
954,25,13,4,84,93,5,9.79,0.63,7.6,1,5,13,2
437,34,20,4,92,96,2,8.5,0.82,6.21,8,1,7,5
951,43,17,1,48,53,9,9.66,0.25,5.44,8,2,14,2
364,23,11,5,99,50,9,6.27,0.76,5.44,8,4,4,5
229,27,11,3,76,83,7,9.04,0.29,6.27,9,3,11,5
37,47,10,5,57,99,8,8.46,0.31,5.45,5,5,5,2
965,33,1,2,44,65,2,6.35,0.72,7.45,8,4,6,5
374,42,11,2,98,43,4,9.9,0.16,6.6,9,2,2,5
469,29,0,2,87,49,1,3.1,0.06,8.78,5,2,5,1
967,24,12,5,86,49,3,7.4,0.34,4.54,10,5,5,5
850,40,23,5,85,79,4,3.51,0.1,8.44,9,1,5,1
704,43,22,5,82,88,1,8.08,0.93,7.48,9,1,5,4
841,36,12,2,42,71,1,8.76,0.09,8.29,8,5,2,4
194,31,1,2,47,60,6,5.27,0.46,5.64,1,1,13,1
854,29,21,1,50,53,9,8.25,0.14,7.95,9,2,12,2
864,43,17,4,73,72,0,7.81,0.28,6.59,1,5,5,4
503,42,7,2,60,96,1,9.32,0.87,7.24,1,4,3,4
969,37,15,1,70,41,2,6.15,0.69,7.68,1,5,10,4
830,21,12,2,76,51,1,8.92,0.82,5.22,1,4,9,4
579,32,12,1,63,84,1,3.08,0.09,5.78,8,2,14,3
968,21,2,3,85,56,3,7.43,0.02,6.54,10,3,13,2
162,23,20,5,64,48,9,3.16,0.73,6.37,9,4,6,3
908,25,4,5,85,91,8,7.72,0.63,5.27,9,4,7,2
152,36,4,3,67,44,6,6.55,0.12,6.09,2,2,13,1
801,32,12,3,92,63,3,4.55,0.75,5.04,4,5,8,3
993,43,17,3,86,99,1,4.35,0.06,4.05,9,5,8,3
755,23,22,4,57,98,2,8.62,0.54,7.49,8,5,14,4
111,41,14,4,60,92,0,6.87,0.61,5.62,3,2,8,3
226,33,4,1,99,57,5,8.88,0.52,4.64,8,3,12,5
688,44,4,2,94,40,1,7.76,0.54,8.13,3,5,2,3
103,48,23,1,56,59,2,4.96,0.42,8.77,5,5,5,1
421,23,10,2,91,47,2,5.52,0.91,7.01,2,1,10,3
419,39,19,2,58,52,2,8.54,0.25,4.07,7,3,6,1
750,46,2,1,59,66,2,4.65,0.12,5.28,7,2,12,2
586,49,13,2,90,66,6,5.12,0.99,6.74,6,1,8,4
780,25,2,5,44,71,3,6.28,0.81,5.97,8,2,13,1
672,46,10,4,66,47,5,8.15,0.17,8.41,4,3,9,5
119,29,22,4,73,62,9,5.85,0.36,7.81,10,4,13,1
53,27,23,1,59,99,0,8.58,0.73,5.03,10,5,6,5
151,21,8,2,91,45,1,8.33,0.12,5.93,1,1,4,1
403,33,21,4,90,61,8,6.71,0.64,7.72,4,5,10,2
945,37,22,4,86,52,0,7.64,0.86,5.62,1,2,4,5
207,41,0,1,51,69,1,3.88,0.55,8.59,7,4,3,1
658,23,10,1,50,65,8,7.23,0.32,7.48,1,2,12,2
843,41,9,5,73,43,9,8.13,0.16,4.02,10,4,8,4
762,32,21,5,50,61,7,5.15,0.72,6.15,2,2,12,2
8,27,14,2,69,76,3,9.26,0.55,5.25,1,1,11,5
807,39,4,3,81,98,8,6.24,0.49,6.41,9,4,2,5
36,37,10,1,59,53,1,6.18,0.05,8.82,6,2,4,2
452,46,21,1,61,93,1,9.34,0.63,7.32,5,5,2,2
651,33,0,2,78,58,5,4.24,0.67,7.57,10,1,3,3
253,23,10,1,77,84,4,3.88,0.35,6.36,5,3,4,3
303,24,5,4,74,86,1,8.63,0.22,4.5,1,5,14,4
746,27,2,3,95,69,5,3.04,0.19,8.74,10,4,7,1
571,36,16,2,60,61,6,6.22,0.87,7.43,9,2,11,4
623,44,20,3,69,59,2,7.02,0.3,5.03,5,1,10,5
732,36,15,1,96,86,0,9.1,0.33,5.53,7,1,9,3
891,42,14,5,73,95,1,3.96,0.9,6.94,6,2,11,4
262,22,7,4,72,42,0,5.09,0.32,4.87,9,1,5,5
610,24,20,4,87,91,0,5.22,0.17,4.73,4,3,3,3
297,36,20,4,60,75,8,5.55,0.45,5.21,2,1,2,1
414,21,19,4,98,49,5,5.23,0.11,4.11,7,1,13,3
150,22,9,3,61,80,4,5.46,0.58,8.01,4,2,4,3
788,21,15,3,43,86,2,5.28,0.95,7.04,1,2,13,5
640,31,7,2,86,68,5,4.79,0.87,4.4,4,2,8,5
889,24,9,1,66,62,4,9.94,0.46,4.08,9,5,4,4
550,46,22,4,74,61,1,8.91,0.69,8.77,4,3,3,2
886,48,24,2,75,70,4,3.13,0.79,7.02,9,5,3,1
488,33,18,1,86,89,5,9.18,0.51,7.59,3,4,5,1
147,29,16,5,79,63,4,6.53,0.71,5.37,4,5,10,4
146,27,7,4,95,62,4,6.11,0.17,4.48,3,1,3,3
720,49,6,2,42,76,3,7.6,0.97,8.5,1,2,14,1
931,47,12,5,66,72,5,9.87,0.24,6.99,1,4,7,5
739,47,2,1,73,86,9,3.38,0.63,4.36,2,3,3,3
659,43,16,3,52,79,5,5.71,0.62,7.36,4,5,14,5
348,36,18,2,77,46,4,9.47,0.93,4.8,1,5,13,1
463,30,16,4,50,44,3,6.12,0.21,4.88,1,1,6,4
325,23,1,3,59,79,8,3.47,0.27,5.22,6,5,3,4
186,40,14,1,47,99,6,8.36,0.67,6.24,3,1,6,3
123,21,24,3,78,94,3,7.09,0.74,4.6,9,2,3,3
853,35,4,5,83,72,5,4.64,0.51,7.82,1,1,11,5
608,42,9,3,84,57,2,3.91,0.52,8.46,6,1,14,2
143,46,1,3,91,61,0,3.24,0.81,8.8,7,3,2,4
958,37,1,1,72,68,0,3.81,0.45,8.19,3,5,13,4
197,33,7,2,86,52,5,4.76,0.26,6.49,9,2,14,5
609,25,21,2,51,84,7,6.08,0.72,6.06,5,3,13,4
279,44,7,5,83,96,2,5.73,0.21,5.02,2,3,7,2
293,29,14,5,67,63,1,6.42,0.62,6.54,3,1,8,5
400,34,22,5,96,54,7,3.82,0.52,6.68,8,4,8,5
122,33,6,5,90,51,7,8.79,0.83,4.16,1,1,5,3
183,39,19,4,95,65,5,4.06,0.62,4.53,5,4,5,3
202,48,5,4,57,50,6,3.79,0.79,5.19,8,4,12,5
438,41,23,4,74,86,4,7.33,0.39,7.34,10,4,8,4
246,37,16,4,92,93,0,3.89,0.74,5.57,4,2,2,5
415,25,24,3,99,98,5,6.29,0.61,7.16,10,5,10,4
932,47,10,4,50,89,0,7.24,0.31,8.05,7,3,4,4
765,46,17,1,77,60,0,4.52,0.69,6.04,1,2,5,2
906,38,15,5,59,90,6,9.96,0.08,7.44,8,2,6,1
835,32,3,3,84,40,3,6.35,0.11,7.73,6,5,2,4
887,25,1,4,93,43,7,9.33,0.68,8.03,7,5,13,3
129,32,16,4,77,73,9,5.36,0.75,6.6,8,4,6,1
637,21,3,4,57,95,2,8.66,0.25,8.54,4,5,12,4
402,26,0,1,85,67,5,5.07,0.96,5.51,10,2,3,4
784,39,16,1,98,56,0,5.13,0.3,8.37,5,4,10,4
770,27,11,4,91,94,1,7.45,0.62,4.33,10,4,5,4
735,23,22,1,99,51,2,9.38,0.02,7.9,1,1,7,5
913,44,12,5,90,88,4,5.28,0.52,6.9,1,4,6,1
219,27,10,5,72,87,2,5.79,0.23,5.17,1,1,11,2
641,25,2,5,67,43,3,5.29,0.5,5.8,1,1,5,2
915,47,2,1,65,92,0,8.33,0.78,5.83,2,2,13,2
752,34,10,5,68,53,7,9.1,0.11,7.39,10,4,6,5
806,46,17,2,76,78,6,4.17,0.83,5.42,1,5,14,1
919,44,7,5,91,51,9,4.2,0.4,8.79,7,3,3,4
624,36,13,1,84,91,6,3.43,0.46,8.37,3,2,2,2
874,48,24,2,96,79,7,6.94,0.45,7.01,5,4,3,2
760,38,16,3,70,55,2,7.37,0.26,4.95,10,5,7,5
386,40,18,4,69,62,7,4.84,0.97,8.18,7,4,5,5
972,48,6,3,89,44,7,8.78,0.44,5.85,7,2,7,2
509,46,18,4,90,58,5,6.16,0.13,8.25,4,3,6,5
267,21,2,2,65,60,4,4.04,0.3,7.4,6,3,3,3
819,29,3,4,52,68,2,8.72,0.2,5.34,1,5,7,2
441,21,10,5,53,85,2,3.09,0.36,8.36,6,1,10,5
496,39,7,5,80,43,7,9.96,0.19,8.46,1,5,14,4
112,44,12,2,44,63,5,4.51,0.33,8.1,6,3,6,4
691,23,16,5,65,63,7,8.63,0.75,8.63,1,5,7,5
232,47,7,1,45,46,0,9.94,0.17,6.64,1,1,11,4
869,36,2,3,74,40,2,3.22,0.49,4.89,8,4,10,1
607,30,20,2,92,56,1,6.59,0.26,6.22,6,1,4,5
671,24,24,5,45,68,6,3.13,0.86,5.42,7,3,11,2
373,22,11,3,62,98,0,6.16,0.22,6.36,1,1,5,5
981,47,3,5,81,66,4,7.82,0.38,4.76,7,3,8,2
842,42,13,2,81,71,2,8.27,0.24,6.37,1,5,4,2
233,29,1,4,85,80,0,8.09,0.1,5.01,1,1,12,1
785,28,20,1,42,43,8,3.97,0.02,4.21,3,3,9,1
676,31,6,4,77,87,0,5.24,0.6,7.38,10,5,13,2
317,21,5,2,44,77,1,4.98,0.41,7.84,6,5,8,2
648,31,21,3,90,51,4,7.13,0.59,8.34,1,5,8,3
410,41,8,2,84,81,1,9.09,0.94,7.51,9,3,8,5
898,48,14,2,60,53,5,6.07,0.91,7.89,5,3,11,3
709,37,7,1,94,62,7,7.45,0.82,4.15,10,3,9,1
358,37,5,1,75,46,9,6.85,0.54,4.85,3,2,13,1
258,37,2,5,66,47,9,5.23,0.54,4.48,4,3,3,4
744,36,13,5,43,97,7,3.45,0.73,6.75,6,2,11,5
627,37,10,5,88,98,1,5.53,0.62,8.27,2,2,11,5
632,32,18,1,41,97,7,6.46,0.04,7.69,8,3,10,3
282,26,7,3,41,93,6,3.57,0.99,5.51,6,4,8,5
376,36,15,1,73,42,3,7.3,0.82,6.31,5,4,6,2
384,41,8,2,74,54,6,4.38,0.51,7.32,2,1,10,4
224,45,23,3,76,86,6,5.54,0.52,5.61,3,1,14,2
953,41,1,4,91,58,5,4.83,0.15,6.96,5,1,6,3
814,46,8,4,57,96,8,6.16,0.06,4.02,2,3,13,3
472,36,14,5,42,70,4,8.74,0.85,5.05,1,2,14,5
347,36,18,3,86,97,4,8.13,0.26,8.86,9,2,7,3
505,45,24,5,77,50,0,6.16,0.45,7.17,5,3,9,4
639,39,6,4,58,80,9,5.07,0.09,7.68,5,5,13,3
987,25,16,2,63,49,2,6.95,0.6,5.42,10,4,2,1
928,46,0,3,63,93,5,6.52,0.66,4.27,7,4,14,4
905,26,4,2,95,58,1,7.96,0.24,4.53,2,4,2,4
619,25,6,1,64,40,4,3.64,0.65,6.8,10,2,14,3
855,37,14,3,78,73,9,9.42,0.42,7.2,8,3,10,5
803,27,23,5,81,79,8,4.79,0.9,8.02,9,5,13,1
645,21,14,2,72,90,5,5.69,1.0,5.63,8,2,2,2
846,25,24,3,90,58,3,4.62,0.23,4.78,1,1,4,5
556,32,5,4,59,76,3,7.42,0.12,4.99,10,2,9,5
957,39,6,3,88,59,3,8.97,0.28,5.65,9,3,9,1
577,43,7,3,80,83,5,8.38,0.27,7.51,1,3,2,2
795,24,6,2,81,40,1,9.04,0.48,4.09,9,5,4,3
85,26,16,3,92,60,2,6.75,0.54,8.84,9,5,8,3
242,42,23,4,55,48,2,8.29,0.52,7.33,5,4,3,4
698,43,15,2,63,63,1,5.3,0.86,5.7,6,4,5,2
159,28,4,2,65,40,0,7.66,0.41,6.91,8,5,14,2
524,48,21,5,73,82,4,4.19,0.12,5.03,10,1,5,3
35,45,12,3,82,42,3,7.34,0.58,8.81,8,2,3,5
540,38,17,4,66,40,4,3.36,0.41,7.92,1,4,14,2
170,25,10,5,74,90,6,6.3,0.81,5.69,9,5,6,4
654,22,19,2,80,46,5,8.0,0.44,6.79,3,3,5,1
890,47,8,2,92,41,8,9.66,0.1,5.56,6,5,7,2
857,35,16,5,90,43,8,4.63,0.18,7.69,1,2,5,4
847,24,8,2,97,82,0,7.94,0.22,7.32,3,4,4,3
944,48,18,3,86,72,9,5.88,0.63,5.94,1,1,3,5
733,41,7,1,93,43,7,8.5,0.25,6.62,1,2,3,1
95,30,21,4,73,62,7,5.22,0.39,6.68,4,2,13,1
563,22,21,1,88,81,7,8.12,0.72,4.25,1,1,5,4
240,35,10,5,85,41,1,7.07,0.32,4.58,6,5,10,2
742,41,6,2,76,52,7,4.7,0.68,6.19,9,5,6,1
574,25,16,1,81,96,3,6.98,0.3,8.42,8,3,6,1
690,37,16,5,54,86,7,7.34,0.77,5.88,6,3,8,4
460,43,18,2,69,97,5,4.53,0.53,7.49,1,2,7,4
553,41,19,4,74,76,5,9.73,0.31,7.57,9,1,8,4
888,29,11,1,58,83,5,3.48,0.3,4.78,5,2,10,2
206,45,19,5,45,64,4,5.88,0.72,8.73,3,2,4,4
392,21,22,3,79,48,7,7.73,0.01,6.71,5,5,14,2
794,33,24,1,66,88,9,7.41,0.05,7.76,5,5,2,2
397,42,13,5,62,59,4,3.29,0.25,6.22,9,2,5,3
766,32,0,5,44,47,5,3.62,0.28,6.14,10,1,14,4
848,23,16,3,88,91,3,5.15,0.05,7.54,5,1,13,1
217,48,3,1,79,76,9,7.43,0.62,5.34,1,4,4,4
4,31,5,3,63,42,8,3.3,0.73,7.6,3,4,4,4
768,49,12,5,73,55,7,8.74,0.31,6.61,3,4,7,2
642,32,21,4,79,44,6,4.15,0.3,8.29,3,1,10,2
929,45,15,1,62,95,9,3.1,0.73,6.68,5,5,6,1
612,40,5,2,84,59,6,3.43,0.71,8.81,3,5,8,2
738,40,6,5,78,75,0,5.3,0.61,5.43,4,3,5,3
546,39,10,1,96,63,1,8.47,0.49,4.38,3,5,13,2
725,27,6,5,62,78,1,4.87,0.5,4.29,7,1,14,5
683,45,18,3,80,43,0,5.91,0.02,6.75,7,3,6,1
98,36,13,4,82,49,5,3.63,0.86,7.51,9,4,12,3
804,47,17,5,76,54,7,6.69,0.57,6.08,10,2,6,1
727,34,14,5,50,60,0,3.58,0.14,6.65,6,2,11,3
573,27,18,2,88,66,3,7.33,0.44,7.46,10,4,10,2
406,28,7,4,58,98,7,4.04,0.05,8.96,2,5,14,4
502,43,22,4,79,65,9,8.76,0.65,6.13,4,2,8,2
47,43,21,1,45,41,9,6.48,0.19,6.67,7,2,11,4
32,42,5,5,84,50,4,6.08,0.0,7.57,4,4,14,2
779,22,17,5,89,50,0,5.82,0.66,8.66,2,5,9,5
839,35,20,5,62,54,5,6.59,0.84,4.09,4,1,12,5
200,39,11,2,85,63,6,3.85,0.98,4.38,7,4,2,2
134,37,9,3,90,54,5,9.13,0.31,4.0,5,2,5,3
27,48,16,1,64,53,8,5.27,0.3,5.91,5,3,8,2
880,46,10,5,60,55,7,4.87,0.88,7.05,5,3,11,4
230,26,1,5,43,80,7,4.05,0.2,4.19,9,2,12,3
489,40,13,1,79,50,1,4.89,0.8,6.91,2,5,9,5
772,33,22,4,51,81,6,7.04,0.51,6.8,10,3,10,3
378,29,4,5,85,80,5,6.2,0.4,4.25,7,5,13,5
288,42,14,3,63,49,4,9.24,0.3,4.05,9,3,5,3
418,36,2,3,99,50,2,5.21,0.99,6.52,8,2,4,2
674,38,9,5,41,87,9,3.93,0.46,7.04,5,5,10,2
391,37,10,4,64,79,0,4.14,0.82,8.25,4,4,12,5
592,34,10,2,52,68,2,4.71,0.14,7.64,2,5,12,2
498,35,24,1,65,99,3,4.81,0.51,6.54,2,1,13,5
138,21,17,2,60,97,6,3.74,0.09,4.4,9,4,4,2
62,38,17,4,95,86,3,4.64,0.74,6.04,1,1,10,5
471,42,18,2,76,52,6,3.15,0.06,5.56,9,2,6,3
647,30,21,3,97,74,7,7.16,0.1,8.63,2,5,6,5
128,21,24,2,79,95,5,5.41,0.52,8.33,9,4,12,1
976,46,14,3,61,57,0,6.93,0.75,5.17,7,5,7,4
520,25,15,4,61,68,3,9.5,0.89,6.07,9,1,2,3
838,49,21,4,98,65,0,6.88,0.73,7.93,3,1,7,4
962,34,8,4,77,80,2,6.56,0.88,8.28,5,1,11,2
64,29,21,4,96,99,9,9.64,0.02,7.25,8,1,10,1
812,38,13,1,45,97,5,5.78,0.98,5.52,7,1,6,1
14,44,0,1,67,47,2,8.38,0.25,8.49,2,3,14,2
156,25,23,5,79,67,2,6.04,0.49,4.58,7,4,9,4
40,48,18,1,96,71,3,6.22,0.87,4.02,4,3,4,1
492,34,22,5,51,83,3,3.05,0.19,4.53,8,5,3,2
379,24,23,2,77,68,9,5.78,0.5,8.32,3,2,2,2
187,49,5,3,63,66,5,3.04,0.34,5.05,3,4,6,3
763,29,24,3,88,60,2,9.02,0.69,4.99,4,1,8,5
216,43,10,5,82,56,2,6.45,0.35,5.41,1,2,9,5
791,37,14,4,85,60,7,9.04,0.77,4.22,4,4,13,5
52,39,3,4,50,81,5,6.1,0.31,4.21,1,4,5,4
878,48,4,2,76,58,3,5.79,0.62,6.8,2,3,14,3
337,36,19,5,59,73,8,3.95,0.95,4.24,4,5,13,2
748,41,12,3,40,64,5,3.59,0.95,6.28,1,2,12,2
719,32,15,4,42,45,8,4.0,0.72,8.09,2,4,9,2
724,29,21,4,80,46,2,9.32,0.74,7.03,3,5,6,2
295,47,1,3,65,61,5,7.15,0.98,4.55,5,1,4,3
701,37,7,5,67,42,0,9.76,0.95,5.25,1,2,7,2
251,27,20,4,43,84,0,8.86,0.39,8.25,10,4,12,4
726,48,13,2,79,77,8,8.69,0.57,7.36,8,4,13,2
461,22,23,3,51,60,0,9.55,0.69,5.34,5,3,6,5
455,34,16,1,94,77,4,6.09,0.57,7.18,2,3,12,2
996,41,14,4,89,77,7,5.65,0.51,8.27,4,4,13,4
815,40,14,2,99,56,9,9.08,0.83,5.14,10,4,14,3
862,23,9,2,52,45,4,6.17,0.13,7.62,5,3,8,5
269,39,4,1,74,79,8,8.71,0.15,7.73,3,4,4,1
201,42,4,5,79,83,3,7.91,0.47,7.32,3,1,13,2
161,47,0,3,41,58,7,7.51,0.14,4.96,3,1,12,4
555,29,4,5,84,75,9,6.43,0.68,7.28,3,3,6,4
729,39,6,5,71,42,8,6.4,0.35,6.95,2,1,2,4
401,26,24,4,58,71,1,4.78,0.12,4.43,9,3,13,4
702,43,20,5,60,73,6,6.0,0.28,5.78,5,4,7,4
476,43,16,2,48,45,8,8.86,0.3,7.15,1,1,8,4
821,21,4,4,86,52,7,8.97,0.21,5.14,9,4,2,3
771,34,1,3,95,70,5,5.81,0.08,7.65,9,3,2,4
105,28,6,1,45,89,0,7.64,0.94,7.57,9,3,6,4
565,36,23,4,82,79,7,6.65,0.76,4.16,5,2,10,3
389,27,8,5,59,43,4,9.08,0.08,7.11,6,2,11,4
1,40,6,5,96,46,6,5.0,0.07,8.52,3,5,8,4
937,29,3,5,90,44,0,6.12,0.36,5.17,4,1,8,5
982,38,17,5,60,88,3,6.86,0.18,5.32,2,4,7,4
561,21,2,4,88,60,8,8.67,0.88,5.44,10,3,14,2
80,24,21,5,51,56,8,7.88,0.4,5.71,7,1,9,4
205,33,18,2,59,86,7,7.16,0.38,7.61,10,2,4,4
34,32,1,4,95,47,5,5.68,0.58,5.53,4,1,6,2
775,29,1,4,70,98,3,8.55,0.6,5.94,2,2,13,5
508,42,2,1,68,57,3,6.18,0.39,6.81,7,2,7,2
427,34,16,1,79,50,2,5.28,0.05,5.71,1,4,2,5
454,28,7,2,95,89,4,4.38,0.68,7.36,4,2,8,4
366,45,7,1,54,72,1,4.16,0.86,4.58,2,2,8,1
91,38,19,3,94,61,1,3.65,0.05,8.82,9,3,12,1
339,25,14,5,40,45,9,3.52,0.58,8.78,1,2,2,3
897,33,23,5,93,46,7,5.54,0.58,6.0,8,4,9,4
564,42,11,5,47,99,7,5.6,0.27,4.47,4,5,14,1
345,23,12,5,97,72,3,9.59,0.28,6.51,2,3,10,5
776,38,22,3,43,73,3,9.87,0.32,7.98,3,3,7,3
241,47,14,2,94,55,1,4.78,0.22,6.94,8,1,2,2
13,31,5,4,61,79,5,3.75,0.4,7.19,10,5,7,3
315,38,6,2,61,99,3,6.86,0.05,6.61,4,4,8,3
600,41,1,3,40,74,9,6.31,0.57,8.18,10,4,9,4
387,44,13,5,53,83,3,6.68,0.2,8.81,8,3,9,4
273,46,3,5,91,75,7,6.87,0.94,8.62,6,3,6,1
166,35,5,4,83,43,9,3.7,0.39,6.92,9,4,7,4
840,41,18,5,90,75,8,4.97,0.54,6.75,4,4,7,1
992,35,23,2,69,41,6,7.99,0.7,4.15,1,5,13,1
646,28,23,4,51,60,5,6.05,0.22,5.1,7,4,8,3
818,49,23,4,68,80,9,5.87,0.88,7.99,8,2,3,3
484,46,6,2,40,56,3,7.19,0.03,4.96,10,1,2,3
980,23,19,3,49,88,9,8.77,0.98,5.53,3,5,11,1
504,39,21,2,90,51,4,6.67,0.24,7.64,2,1,7,5
831,26,1,5,80,87,6,4.82,0.34,6.34,7,3,2,3
243,44,5,1,40,48,5,3.57,0.1,5.0,7,5,9,1
566,45,16,4,59,41,6,3.48,0.72,6.5,2,3,3,2
875,41,8,5,63,52,1,4.96,0.94,4.32,7,3,7,5
562,35,19,2,85,63,7,4.91,0.09,7.02,8,2,3,2
686,25,11,5,82,74,9,3.28,0.88,7.18,4,2,7,5
189,25,16,4,67,95,5,5.65,0.28,8.39,9,3,3,4
782,25,13,4,95,61,3,9.46,0.5,5.4,2,3,12,4
699,25,23,2,96,81,5,3.38,0.46,7.6,7,4,8,5
475,30,21,4,92,69,8,4.98,0.1,6.71,8,3,9,2
681,41,11,5,41,96,3,3.17,0.41,5.71,8,4,10,3
510,46,0,3,43,62,9,9.56,0.26,6.22,6,1,10,1
58,24,18,2,60,41,2,3.37,0.6,5.5,10,1,6,5
474,49,1,3,72,42,6,8.51,0.27,8.53,1,1,4,3
560,46,11,5,77,82,4,4.36,0.25,6.15,7,5,5,1
856,34,22,3,43,94,3,3.76,0.34,8.27,2,2,3,1
747,33,11,2,40,76,1,6.12,0.4,4.35,10,5,13,1
252,22,23,4,67,62,6,3.89,0.85,6.66,7,1,13,5
21,41,4,4,49,41,3,4.51,0.24,4.25,6,2,2,4
313,28,0,2,62,75,6,4.63,0.95,4.01,9,4,7,4
459,42,22,4,87,71,3,3.48,0.02,6.07,2,2,8,1
160,42,24,2,88,82,3,6.5,0.28,4.39,4,4,12,3
276,24,9,5,45,82,5,7.66,0.25,8.44,2,3,9,5
955,30,12,3,56,68,1,8.14,0.03,7.73,9,5,4,4
191,27,5,5,75,49,9,3.13,0.48,4.41,2,2,4,3
385,36,21,1,58,99,5,4.26,0.72,6.26,9,5,2,3
805,30,3,4,97,71,7,4.2,0.35,5.42,6,2,6,1
413,35,9,5,48,64,0,6.67,0.56,7.52,6,5,4,4
491,28,0,3,93,67,1,6.32,0.71,4.27,9,3,5,4
343,29,3,4,42,92,4,8.39,0.8,6.47,9,3,7,5
769,26,9,2,87,98,5,7.74,0.76,4.75,3,1,14,4
308,40,7,5,86,91,2,7.72,0.24,4.71,6,3,7,2
661,46,10,3,53,60,9,5.16,0.44,7.72,10,5,13,1
130,28,12,2,99,50,8,5.18,0.84,7.35,3,2,3,5
663,49,8,1,90,43,0,4.86,0.13,5.59,1,5,7,5
871,26,12,2,57,66,7,3.26,0.08,6.33,10,4,5,1
99,35,23,1,80,75,0,4.35,0.94,4.07,9,4,8,5
372,38,10,3,66,61,2,9.11,0.87,8.41,6,5,10,5
87,30,0,1,81,92,0,8.26,0.68,8.7,9,3,14,2
458,35,12,5,88,54,1,6.52,0.79,8.34,10,4,13,3
330,36,21,4,79,93,9,4.9,0.29,6.83,5,3,2,5
214,31,5,5,66,76,0,7.71,0.35,6.14,1,2,11,1
466,37,7,2,60,61,1,9.06,0.24,7.88,9,5,13,4
121,35,9,3,87,57,9,4.2,0.27,5.33,7,5,7,2
614,46,1,2,78,66,0,4.28,0.03,8.92,8,4,11,1
20,42,16,3,95,74,8,9.31,0.71,5.51,3,3,14,4
700,32,18,5,77,43,1,4.28,0.78,5.43,1,2,3,4
71,48,13,4,62,95,1,4.5,0.66,4.67,5,4,3,2
106,41,2,1,85,53,8,9.09,0.52,8.09,8,3,10,4
270,22,4,5,67,93,5,9.26,0.37,8.98,10,1,7,3
860,42,19,5,63,68,8,7.37,0.69,7.74,9,3,8,4
435,49,19,2,53,93,9,9.27,0.71,4.38,1,3,9,1
102,43,13,4,88,91,7,5.01,0.86,5.71,7,5,6,5
